name,number,length,sample_rate,mfccs,chroma,mel,contrast,tonnetz
andrew_tate,1,252633,32000,0.70492136,0.6235121,0.526682,0.8541402398940262,0.04435225039742774
andrew_tate,10,229227,32000,0.73279774,0.6653587,0.4409979,0.8551670097442342,-0.02612188625135752
andrew_tate,11,328423,32000,0.7254486,0.6115518,0.46761522,0.90339773491984,0.029122623132153396
andrew_tate,12,335110,32000,0.7057103,0.64089715,0.48266926,0.8779121874749184,-0.062082237756978347
andrew_tate,13,260806,32000,0.70573646,0.647412,0.36945614,0.8590937377258948,-0.02611357962957591
andrew_tate,14,202849,32000,0.69073594,0.60859936,0.5032898,0.8762308841424356,0.033755810852877384
andrew_tate,15,234800,32000,0.6807959,0.6071626,0.5889605,0.8653506697180676,-0.0054441114893691595
andrew_tate,16,274924,32000,0.6865017,0.62692946,0.64367765,0.8651202383254591,0.15557137816914685
andrew_tate,17,248546,32000,0.66270244,0.58761364,0.6058917,0.8665963064594328,-0.011564719021757397
andrew_tate,18,289413,32000,0.6964098,0.61173576,0.5549081,0.8769641712154183,-0.038109842120196726
andrew_tate,19,244088,32000,0.6588427,0.62923527,0.4464727,0.8650036315888754,0.11608845742297541
andrew_tate,2,304274,32000,0.7083631,0.6291352,0.40416303,0.8641019589251275,-0.05566314900855823
andrew_tate,20,298701,32000,0.6977786,0.6457536,0.47305012,0.8697692076505648,0.06600729658649598
andrew_tate,21,272323,32000,0.68254364,0.5912201,0.7343447,0.8708473286686378,-0.11254604055193987
andrew_tate,22,159010,32000,0.72239715,0.5911842,0.46876806,0.8574819705521223,-0.1578132736530635
andrew_tate,23,272695,32000,0.65452856,0.6159593,0.49845833,0.8684179844389902,0.006461540713831257
andrew_tate,24,278639,32000,0.65643716,0.62426263,0.50635767,0.8736632509374284,0.0005789921703802875
andrew_tate,25,312076,32000,0.6660661,0.5953601,0.6338378,0.8753114457610915,-0.0031523814138721662
andrew_tate,26,298701,32000,0.69129425,0.66287816,0.43913794,0.8636730803115626,-0.1201460893630164
andrew_tate,27,284955,32000,0.6688324,0.6113719,0.5564235,0.8647088745846564,-0.011939656612168214
andrew_tate,28,212509,32000,0.71036655,0.6206765,0.42533085,0.8728599377231299,0.15848719017209684
andrew_tate,29,283097,32000,0.68617654,0.6468334,0.4980216,0.8724852975833299,-0.042017641583891326
andrew_tate,3,317277,32000,0.70072854,0.5896174,0.5090192,0.8879667616534733,-0.04555933891865267
andrew_tate,30,284212,32000,0.7253518,0.60643977,0.53361017,0.8936309070891544,0.08649434243811148
andrew_tate,31,309475,32000,0.66680014,0.62731344,0.48232618,0.8836037472558254,-0.04624816745148253
andrew_tate,32,310590,32000,0.69760466,0.6661303,0.37890583,0.850534528145472,-0.01823515067537337
andrew_tate,33,318763,32000,0.6785968,0.6340398,0.4862351,0.8807351499634194,-0.12944673343492774
andrew_tate,34,308732,32000,0.7160135,0.6629793,0.44183517,0.8546189276545555,-0.09809849204315871
andrew_tate,35,321735,32000,0.7238655,0.6374152,0.37231228,0.8819223223287305,0.01256794912846846
andrew_tate,36,239258,32000,0.6737227,0.6317543,0.46555936,0.8753268325068789,-0.019337961280505096
andrew_tate,37,307989,32000,0.6951222,0.6283781,0.48659593,0.8857961788941769,-0.05466704515705535
andrew_tate,38,355543,32000,0.6565529,0.64993304,0.40505138,0.8595296554844869,-0.09517237862292477
andrew_tate,39,249289,32000,0.70901084,0.59144574,0.53888184,0.886586571886485,0.02158146328715864
andrew_tate,4,348113,32000,0.6804823,0.62529904,0.42519385,0.888178962398362,-0.11231686799237628
andrew_tate,40,270094,32000,0.67713344,0.6315118,0.54945666,0.8688647662599892,-0.00480632108913269
andrew_tate,5,255605,32000,0.70754564,0.61481065,0.5676373,0.8880616603484175,0.04353436869485393
andrew_tate,6,277896,32000,0.7085513,0.5929058,0.47359648,0.8898670819299708,0.022266675518628157
andrew_tate,7,295357,32000,0.722345,0.603223,0.5432654,0.876389697467369,0.05357158343223019
andrew_tate,8,186502,32000,0.70366704,0.6017008,0.5065686,0.8759106643520165,0.006295069952817955
andrew_tate,9,221053,32000,0.7179258,0.6646447,0.34653935,0.8592566522386517,0.08848529865765684
donald_trump,1,165326,32000,0.85857314,0.68197083,0.64642596,0.8972697308106454,-0.0178344403466204
donald_trump,10,296100,32000,0.9207384,0.673421,0.28805944,0.9250415354713218,-0.10996637279765901
donald_trump,11,71703,32000,0.95827466,0.80538654,0.37986243,0.9571322837091961,-0.3649182131528301
donald_trump,12,218824,32000,0.90212107,0.6706273,0.33352596,0.882160315179844,-0.16942022663177425
donald_trump,13,371519,32000,0.9526792,0.64214766,0.32284114,0.9184476223248579,-0.015495818766523575
donald_trump,14,114799,32000,0.85753953,0.6243962,0.8158481,1.0,0.0827068414178104
donald_trump,15,165326,32000,0.85857314,0.6819709,0.6464259,0.8972987340149762,-0.01782472369655935
donald_trump,16,78762,32000,0.84263974,0.7806667,0.3336788,0.8692430100159029,-0.2803100059921313
donald_trump,17,212880,32000,0.8842408,0.65501744,0.4827044,0.9031463980068057,-0.1654146566649278
donald_trump,18,262292,32000,0.86550146,0.668857,0.6072171,0.9251575803369704,0.0667554261030373
donald_trump,19,106254,32000,0.932544,0.7202421,0.5358924,0.9076664004057688,-0.23163760573320966
donald_trump,2,96223,32000,0.98228496,0.70709807,0.28289333,0.9343967582786379,0.08739762025340474
donald_trump,20,121115,32000,0.9185927,0.71027786,0.5816643,0.9273694694935193,0.018426462370292003
donald_trump,21,120743,32000,0.9262016,0.750134,0.3511782,0.9250776119720426,-0.15822682015532968
donald_trump,22,99567,32000,1.0,0.7775092,0.23901798,0.8809811758914969,-0.19238140334783385
donald_trump,23,103653,32000,0.9254124,0.7244895,0.3045754,0.8803333905251816,0.11538247592404824
donald_trump,24,100310,32000,0.8368562,0.7387311,0.528395,0.9085964088103903,-0.14377308982370307
donald_trump,25,83963,32000,0.9189191,0.6793679,0.41792423,0.9255885963613073,-0.08134792183546759
donald_trump,26,371519,32000,0.98306453,0.6209977,0.28912413,0.9261949434154887,-0.29517894282172025
donald_trump,27,108112,32000,0.9205418,0.7207622,0.50425905,0.984259397494743,0.13320992297348383
donald_trump,28,168669,32000,0.98657984,0.6983698,0.28322813,0.9010618386502264,0.02809478295253549
donald_trump,29,141920,32000,0.88549614,0.6628854,0.4224126,0.8908029570016759,0.020513355883020903
donald_trump,3,108483,32000,0.9790921,0.6136857,0.33241516,0.9211216659134365,0.03267004907108334
donald_trump,30,371519,32000,0.9375842,0.65305096,0.34339884,0.9079812215802443,0.02874287260382604
donald_trump,31,164583,32000,0.9354385,0.66812634,0.43153313,0.9580746282389218,0.15259932809414356
donald_trump,32,371519,32000,0.9028947,0.63303953,0.39733544,0.9324128292483393,0.017552302276341702
donald_trump,33,137462,32000,0.88143146,0.6412381,0.6015288,0.9422162329940051,0.10319360723094054
donald_trump,34,371519,32000,0.9044426,0.6279451,0.407603,0.9280278561428318,0.07352087488649217
donald_trump,35,268608,32000,0.9036425,0.64356834,0.37803105,0.9151522405673337,0.07303636995433446
donald_trump,36,163840,32000,0.68998724,0.6908646,0.7659643,0.8763025068692912,0.21582410234623325
donald_trump,37,236286,32000,0.9017853,0.64741373,0.47109085,0.922507935249334,0.07658252015346602
donald_trump,38,220682,32000,0.8700144,0.6012358,0.72971386,0.9464916440397931,-0.0004978680542819235
donald_trump,39,130031,32000,0.9098306,0.70266694,0.43404123,0.9344698333059559,-0.041974293715791006
donald_trump,4,99938,32000,0.9239399,0.64503247,0.40575793,0.9105518128929925,-0.07795426417926196
donald_trump,40,298329,32000,0.95027107,0.65625,0.2969661,0.938958466759718,-0.00770930123888479
donald_trump,5,294614,32000,0.9198262,0.6747122,0.29914895,0.9167666707175549,0.09389431231199936
donald_trump,6,109226,32000,0.9600308,0.66050875,0.38238236,0.9006479865730067,-0.1990611767356345
donald_trump,7,125945,32000,0.9721508,0.7224155,0.24163927,0.9251157834776382,-0.01965368548106729
donald_trump,8,134118,32000,0.9424395,0.6892672,0.5144694,0.9323206805107357,0.05144875075452538
donald_trump,9,141177,32000,0.97812766,0.7088652,0.28000546,0.9170493114096049,-0.07095542595243483
kanye_west,1,371519,32000,0.71154827,0.6915244,0.6959385,0.8757840800432333,-0.008801066981403703
kanye_west,10,371519,32000,0.7110264,0.672102,0.7819623,0.8964456719673495,-0.08326691780259307
kanye_west,11,371519,32000,0.7104256,0.6388764,0.7018993,0.9058380093270326,-0.05578397856078554
kanye_west,12,371519,32000,0.45743957,0.6839814,0.9704928,0.854682312481608,-0.08640704583439782
kanye_west,13,371519,32000,0.71100783,0.6622458,0.6351946,0.8856840949315832,-0.039970722481408656
kanye_west,14,371519,32000,0.7288638,0.6806555,0.66886973,0.877750169329856,-0.014199407790589544
kanye_west,15,371519,32000,0.52514213,0.67764044,0.80901146,0.8746988125294813,-0.10957716962083036
kanye_west,16,371519,32000,0.5451836,0.70276296,0.7683842,0.85692411677387,-0.1155173043908406
kanye_west,17,371519,32000,0.4954596,0.70238996,0.83058214,0.8625139067132834,0.012641977468652988
kanye_west,18,371519,32000,0.53111327,0.72757864,0.7938873,0.8399332015225165,-0.23248464565705343
kanye_west,19,371519,32000,0.68446094,0.67108375,0.73308396,0.8568271876569648,0.07451622450340535
kanye_west,2,371519,32000,0.35834786,0.6651027,0.4696217,0.8769225448688339,0.05547862502431852
kanye_west,20,371519,32000,0.56911045,0.67826504,0.76534104,0.8511894169846765,-0.15339038058559723
kanye_west,21,371519,32000,0.4503798,0.70969254,0.885536,0.8375249717056179,0.005850753994292141
kanye_west,22,371519,32000,0.40270305,0.6756575,1.0,0.8526252418871304,-0.02007627491002583
kanye_west,23,371519,32000,0.69464046,0.67292637,0.79222685,0.8979111015847426,0.13378317108291973
kanye_west,24,371519,32000,0.68599594,0.6548067,0.73924035,0.8898903452896952,-0.04490103752963817
kanye_west,25,371519,32000,0.71347845,0.67582595,0.6776743,0.8918908093348786,0.07216119383482357
kanye_west,26,371519,32000,0.6903771,0.6964824,0.7027849,0.8831859886459861,-0.16245782079782742
kanye_west,27,371519,32000,0.68102205,0.69543505,0.74109554,0.8735069358125588,0.06323219378799558
kanye_west,28,371519,32000,0.7212348,0.6792388,0.70253515,0.8919188258758566,-0.04128712584924231
kanye_west,29,371519,32000,0.5419148,0.70706,0.8230429,0.8686506902659662,-0.010246737814884322
kanye_west,3,371519,32000,0.46533966,0.70458686,0.8644221,0.8410699016722621,0.0010254514732042602
kanye_west,30,371519,32000,0.5027324,0.6881686,0.90518796,0.8667445209187361,0.09544464613467979
kanye_west,31,371519,32000,0.702776,0.6154837,0.6958028,0.893122575016353,0.36978210436057946
kanye_west,32,371519,32000,0.68811005,0.6898308,0.7535953,0.8812945467803517,-0.028605014140667653
kanye_west,33,371519,32000,0.48152456,0.69201314,0.8628748,0.8547014265539875,-0.02353495101263253
kanye_west,34,371519,32000,0.68085825,0.67149156,0.77508473,0.8862673749727523,-0.08799990698314011
kanye_west,35,371519,32000,0.44580504,0.67568004,0.9734071,0.8536379499909258,-0.025350639465862284
kanye_west,36,371519,32000,0.514886,0.6375832,0.9774493,0.883284746247107,0.01333336279159999
kanye_west,37,371519,32000,0.44800344,0.69899845,0.90164036,0.8449210873332809,-0.16417392343538317
kanye_west,38,371519,32000,0.47971705,0.6845002,0.9415037,0.8520469261681748,-0.07426787660311755
kanye_west,39,371519,32000,0.7287599,0.70060164,0.54117715,0.8665500426770663,-0.039620587669020206
kanye_west,4,371519,32000,0.5929323,0.64457285,0.9285268,0.8886313250476918,-0.07125908502142357
kanye_west,40,371519,32000,0.7236256,0.6991222,0.657237,0.8787329187700409,-0.15309517628402688
kanye_west,5,371519,32000,0.76752526,0.6865305,0.5888319,0.8972052078478232,0.006496385455499491
kanye_west,6,371519,32000,0.76752526,0.6865305,0.5888319,0.8972052078478232,0.006496385455499491
kanye_west,7,371519,32000,0.440677,0.729558,0.92007256,0.8350315266999999,-0.09892386280517135
kanye_west,8,371519,32000,0.7121002,0.6988045,0.6560455,0.8734453985162054,-0.15000429025429599
kanye_west,9,371519,32000,0.7078222,0.70480996,0.5915727,0.8569310271971865,0.0556693615635335
kendrick_lamar,1,371519,32000,0.35792068,0.60915744,0.34962347,0.8226550444496876,0.5862535887786848
kendrick_lamar,10,371519,32000,0.40157285,0.5920794,0.31545168,0.8342755027644885,0.8823690376523218
kendrick_lamar,11,371519,32000,0.3378448,0.61166245,0.34188187,0.8111651567250947,0.6488124233988353
kendrick_lamar,12,371519,32000,0.3706268,0.58905333,0.36140373,0.8394068430546187,0.676423989914059
kendrick_lamar,13,371519,32000,0.34567973,0.65702325,0.33614677,0.8187300071560513,0.6524989827256521
kendrick_lamar,14,371519,32000,0.35819244,0.60605055,0.40462503,0.8321153511273516,0.5267143078204425
kendrick_lamar,15,304274,32000,0.38306537,0.6208678,0.3582044,0.8466104555587869,0.7495790888979462
kendrick_lamar,16,371519,32000,0.42103493,0.6141247,0.33806577,0.8376131112004321,0.525694923370192
kendrick_lamar,17,331766,32000,0.38290638,0.64533997,0.2620442,0.8123667426435651,0.5348134891234353
kendrick_lamar,18,371519,32000,0.35832584,0.6193907,0.3356114,0.8161194420693755,0.5867018302133159
kendrick_lamar,19,371519,32000,0.37655059,0.6134748,0.32603824,0.8276722972145032,0.5184385455151242
kendrick_lamar,2,285698,32000,0.39672473,0.6775524,0.29008797,0.7970175588978411,0.4760455989585068
kendrick_lamar,20,269351,32000,0.34866142,0.64000845,0.3294371,0.8157152957880959,0.6707129828601163
kendrick_lamar,21,269351,32000,0.34866142,0.64000845,0.3294371,0.8157152957880959,0.6707129828601163
kendrick_lamar,22,371519,32000,0.39240313,0.64740753,0.32047275,0.7953053982504696,0.5732597017173436
kendrick_lamar,23,174985,32000,0.3956237,0.65309983,0.28306505,0.8005783008576857,0.44531604910748807
kendrick_lamar,24,371519,32000,0.3475065,0.64507586,0.3459957,0.8057094587837806,0.4418447477402176
kendrick_lamar,25,170155,32000,0.4029207,0.59073704,0.33223054,0.8491854567712138,0.5305841895042489
kendrick_lamar,26,247431,32000,0.40511993,0.6267593,0.35029858,0.8238168102635013,0.4394081130740719
kendrick_lamar,27,192818,32000,0.4170686,0.6453264,0.3181519,0.8265530327798475,0.7136404851322083
kendrick_lamar,28,371519,32000,0.38637108,0.57979995,0.37347174,0.8537716046279605,0.6472700247789137
kendrick_lamar,29,206564,32000,0.41649303,0.60328376,0.28313565,0.8624954452656265,1.0
kendrick_lamar,3,371519,32000,0.3924661,0.6057736,0.33223388,0.8277986183264001,0.5562720788187911
kendrick_lamar,30,274552,32000,0.4397668,0.5629115,0.3744561,0.8795822159846645,0.5047099261494037
kendrick_lamar,31,325822,32000,0.40406176,0.62340635,0.3200246,0.8522773745578934,0.5572008330040548
kendrick_lamar,32,371519,32000,0.35712472,0.59127533,0.3502854,0.8394289258619196,0.6233745741659714
kendrick_lamar,33,371519,32000,0.35983598,0.6079007,0.3465571,0.8369673709661838,0.5534177819549849
kendrick_lamar,34,332509,32000,0.36487624,0.5920627,0.3384578,0.8520601620475184,0.6905333949549181
kendrick_lamar,35,333995,32000,0.3775991,0.6020901,0.3407148,0.8491928537474294,0.787063908029124
kendrick_lamar,36,311704,32000,0.40806475,0.6431866,0.3285768,0.8158116359657581,0.42318894747678465
kendrick_lamar,37,187245,32000,0.3602475,0.67645764,0.33377847,0.8254193015429964,0.5512068912550248
kendrick_lamar,38,364460,32000,0.36193842,0.6080179,0.3585287,0.8188011031926128,0.4227585469269011
kendrick_lamar,39,371519,32000,0.36727995,0.6589838,0.30942243,0.7931635049597315,0.6355304365707926
kendrick_lamar,4,371519,32000,0.3568024,0.5676669,0.40443572,0.8401172489019356,0.1964082208531567
kendrick_lamar,40,371519,32000,0.38509363,0.5975593,0.3470202,0.8367624407319738,0.6567820214418862
kendrick_lamar,5,358516,32000,0.37658316,0.58500373,0.3744281,0.8585334743145271,0.7754419986614016
kendrick_lamar,6,356286,32000,0.345838,0.65184087,0.27875796,0.7938715413930627,0.4596234134935127
kendrick_lamar,7,307246,32000,0.37230566,0.6200163,0.32360294,0.8216907229953585,0.42503447935836863
kendrick_lamar,8,312076,32000,0.34902453,0.5619571,0.3386286,0.8527842610092292,0.6340357180325344
kendrick_lamar,9,371519,32000,0.3933704,0.6187721,0.35851666,0.8261088101565032,0.3192668363885101
marge_simpson,1,199505,32000,0.47255418,0.89785254,0.2992546,0.6992685408166888,-0.014932061536893158
marge_simpson,10,277524,32000,0.47810864,0.8948775,0.22557497,0.6921772359677353,0.0316637676397143
marge_simpson,11,320992,32000,0.4898217,0.8934946,0.25475195,0.7071635361461962,-0.04724601696860967
marge_simpson,12,200248,32000,0.51574856,0.7968029,0.41143042,0.7293383133262417,0.036141116248508236
marge_simpson,13,263778,32000,0.4913831,0.8030854,0.2444665,0.7161111054823003,-0.03168234425137812
marge_simpson,14,290528,32000,0.5012147,0.8654395,0.23315299,0.7112057638921284,-0.007372291224596092
marge_simpson,15,142663,32000,0.45180336,0.9174304,0.18272851,0.6778328176695052,-0.015670002044391333
marge_simpson,16,268608,32000,0.48915467,0.8445578,0.2744078,0.7077285522214184,0.016241349427506727
marge_simpson,17,271952,32000,0.49623597,0.860331,0.20824724,0.6968111966989026,-0.035694526807421724
marge_simpson,18,283840,32000,0.49161682,0.8569181,0.22320382,0.7007476785230401,0.10534665786787357
marge_simpson,19,287927,32000,0.48897445,0.9150472,0.23258457,0.686884753948873,-0.05445941790460048
marge_simpson,2,203221,32000,0.4863461,0.8678424,0.27308244,0.6908912891567259,-0.02423106530208569
marge_simpson,20,258205,32000,0.73191816,0.8343641,0.11765509,0.9100191305234608,-0.003979912698931928
marge_simpson,21,371519,32000,0.46570456,0.83406085,0.29157856,0.7064080629036864,-0.0031915987470369583
marge_simpson,22,341426,32000,0.4794983,0.8413459,0.25753418,0.7044650258175394,-0.049091980736242664
marge_simpson,23,254119,32000,0.44925258,0.8772509,0.30968618,0.702386863800198,-0.03419806181846719
marge_simpson,24,334367,32000,0.48373446,0.86587155,0.2548412,0.6994843470884421,0.010836811570270572
marge_simpson,25,326193,32000,0.4664438,0.82943183,0.23203439,0.6955786365592473,-0.029509065319774264
marge_simpson,26,314676,32000,0.5007347,0.8781521,0.23751262,0.7021570685251337,0.07158968737867477
marge_simpson,27,231456,32000,0.5113111,0.9070183,0.23166367,0.7158223964402478,-0.03330123915478448
marge_simpson,28,186131,32000,0.4478422,0.8519106,0.24037091,0.6920336048308378,0.14243333366334968
marge_simpson,29,303902,32000,0.4584216,0.8755647,0.21636768,0.6875831263943688,-0.02473687751221789
marge_simpson,3,113684,32000,0.45756716,0.97791195,0.25621882,0.6788504391322555,-0.10316981423601654
marge_simpson,30,371519,32000,0.48811942,0.83112353,0.25915542,0.7054426117565342,0.02507451460430187
marge_simpson,31,340311,32000,0.4891417,0.85776174,0.2569551,0.7050638637273284,0.13368350509407387
marge_simpson,32,165697,32000,0.4563087,0.8967212,0.31138578,0.6933927898988763,0.0025349169046897514
marge_simpson,33,255976,32000,0.47449777,0.92521906,0.2188424,0.6941395714048288,-0.09957752039861043
marge_simpson,34,365203,32000,0.5143096,0.8269535,0.20932208,0.7171909214042574,-0.011599596812052354
marge_simpson,35,324707,32000,0.46230924,0.8952801,0.25073507,0.7031507768853069,-0.07675981334552973
marge_simpson,36,371519,32000,0.4667642,0.8107676,0.2834565,0.7080373144911919,-0.008968470814612786
marge_simpson,37,261178,32000,0.4633819,0.8804224,0.2593849,0.6981533437995457,-0.02158559226551396
marge_simpson,38,371519,32000,0.5154315,0.84903735,0.2890659,0.7297180586795634,0.10813901106060314
marge_simpson,39,368547,32000,0.45231164,0.8945417,0.2679799,0.6998548142575899,0.051482536270699326
marge_simpson,4,165326,32000,0.47360715,0.77284783,0.35421446,0.7171931299268413,-0.015458264039744634
marge_simpson,40,128545,32000,0.4516083,0.81675535,0.28353122,0.6972773345819234,-0.000569453158510689
marge_simpson,5,193190,32000,0.48663568,0.82827467,0.32118756,0.7103889864559102,0.00680987065257483
marge_simpson,6,302045,32000,0.46674237,0.8576891,0.2510633,0.7084461202502852,-0.00751204006931669
marge_simpson,7,111084,32000,0.48021877,1.0,0.24875669,0.6940726359960064,-0.1083341994711915
marge_simpson,8,244459,32000,0.47008315,0.9007634,0.21349129,0.6985899354409633,-0.024776426513615394
marge_simpson,9,301302,32000,0.4660257,0.8456871,0.27913997,0.7058446637114666,-0.03686352936362323
morgan_freeman,1,371519,32000,0.46989474,0.82444006,0.22650616,0.8635034684882317,-0.08729047339642738
morgan_freeman,10,371519,32000,0.44722322,0.84233356,0.2719415,0.8532165649828691,-0.021977246737334966
morgan_freeman,11,371519,32000,0.46272337,0.82523805,0.28037786,0.8465194927932542,-0.008273948462271618
morgan_freeman,12,371519,32000,0.3947721,0.8621728,0.21579832,0.8785952363865648,0.004030294584832068
morgan_freeman,13,371519,32000,0.47451422,0.83420724,0.24990635,0.8741982518070056,-0.008737333785437253
morgan_freeman,14,371519,32000,0.4393688,0.8418277,0.23419903,0.8659662734043226,-0.007912319352417188
morgan_freeman,15,371519,32000,0.45470408,0.8310175,0.27940992,0.861590166836772,-0.044791914361043975
morgan_freeman,16,371519,32000,0.46102986,0.8335176,0.24593782,0.8780340793401499,-0.033793687964958685
morgan_freeman,17,371519,32000,0.49064505,0.83128494,0.2105373,0.8792266363573864,-0.11313854563645104
morgan_freeman,18,371519,32000,0.49524304,0.8242658,0.22637075,0.884223324444798,-0.021917494241249013
morgan_freeman,19,371519,32000,0.4098739,0.8249851,0.3082991,0.8961112242014063,0.057387134591489794
morgan_freeman,2,371519,32000,0.43969488,0.8432842,0.26201496,0.8752585729697232,-0.02521875340211784
morgan_freeman,20,371519,32000,0.4742277,0.81029624,0.18795311,0.8924279652861049,-0.010018450073967745
morgan_freeman,21,371519,32000,0.534882,0.8247857,0.23597373,0.8873856693820439,-0.022802950584004833
morgan_freeman,22,371519,32000,0.49910223,0.8290679,0.24657162,0.8797329795402566,-0.011185003708081964
morgan_freeman,23,371519,32000,0.4200286,0.838448,0.3267891,0.9074219983816314,0.013556131252144216
morgan_freeman,24,371519,32000,0.4756074,0.8119557,0.19501606,0.8844182983370146,-0.04684044896870644
morgan_freeman,25,371519,32000,0.5128653,0.8433641,0.18669297,0.8705167557741276,-0.011452242756873636
morgan_freeman,26,371519,32000,0.46667865,0.8271658,0.15603665,0.8781335745446287,-0.0035474986265432392
morgan_freeman,27,371519,32000,0.47117972,0.80417675,0.3083571,0.8781489443539774,-0.01307618428906362
morgan_freeman,28,371519,32000,0.4498551,0.82092136,0.22059591,0.8949750813737836,-0.06834433111153396
morgan_freeman,29,371519,32000,0.40211672,0.8186264,0.27515063,0.8711174759824715,-0.06750305816708421
morgan_freeman,3,371519,32000,0.462458,0.83903813,0.31052154,0.8541064729554038,-0.030094801456267112
morgan_freeman,30,371519,32000,0.4409221,0.809952,0.25378633,0.8855622186914284,-0.023491990768962343
morgan_freeman,31,371519,32000,0.43076894,0.8377015,0.35606378,0.8806091499436158,-0.04731139130234908
morgan_freeman,32,371519,32000,0.43278262,0.83592826,0.22062717,0.9013569658191687,0.010943768654942834
morgan_freeman,33,371519,32000,0.41575754,0.82065356,0.2954398,0.8747646567385761,0.05977881437766679
morgan_freeman,34,371519,32000,0.40600884,0.83446604,0.2860644,0.8751311011507644,-0.017044034187110223
morgan_freeman,35,371519,32000,0.47480232,0.8220766,0.23552153,0.8508462877127306,-0.01777905431620154
morgan_freeman,36,371519,32000,0.42114437,0.8252021,0.34226406,0.8800305323855993,-0.022367444604583456
morgan_freeman,37,371519,32000,0.49318546,0.8363439,0.25787556,0.8575265840828726,0.007567944228206617
morgan_freeman,38,371519,32000,0.44860968,0.8413651,0.36382076,0.8661469630023161,-0.043868077289369416
morgan_freeman,39,371519,32000,0.43343335,0.79946905,0.31893632,0.8897479524359457,0.037226030730997214
morgan_freeman,4,371519,32000,0.4658672,0.8395456,0.2761262,0.8695975109388165,0.03630330906536091
morgan_freeman,40,371519,32000,0.41021058,0.83272606,0.31375974,0.8630068425777611,0.06875985007300646
morgan_freeman,5,371519,32000,0.41894823,0.8361032,0.22338983,0.8711304403183112,0.025814708616747575
morgan_freeman,6,371519,32000,0.45231742,0.8422171,0.22734766,0.8829409220170901,0.0034327484281616617
morgan_freeman,7,371519,32000,0.471787,0.8454765,0.30267623,0.868100796595713,0.08137508563709438
morgan_freeman,8,371519,32000,0.51128423,0.8368442,0.20305572,0.8740867348083162,-0.12166864523279117
morgan_freeman,9,371519,32000,0.4856354,0.8607509,0.21130168,0.8591139681590049,-0.07521611068397663
spongebob,1,371519,32000,0.80808777,0.6764265,0.09775488,0.8360961218475974,0.35453452994918555
spongebob,10,371519,32000,0.89736843,0.94006014,0.036721956,0.747744752585025,0.06653553252239973
spongebob,11,371519,32000,0.92417485,0.8881216,0.03474602,0.758682674535438,0.018527507786206616
spongebob,12,371519,32000,0.92417485,0.8881216,0.03474602,0.758682674535438,0.018527507786206616
spongebob,13,371519,32000,0.8014786,0.9098042,0.032342974,0.7988947751906428,-0.014418686098943501
spongebob,14,371519,32000,0.81256914,0.6510275,0.1014708,0.8553859203430481,0.21137892855986284
spongebob,15,371519,32000,0.82658815,0.865488,0.050156713,0.8115055609302831,0.027887701022296534
spongebob,16,371519,32000,0.83800334,0.8420736,0.035036195,0.7991048450768837,0.039676470839655135
spongebob,17,371519,32000,0.84531385,0.5849122,0.0982031,0.8898531816753672,-0.11004623769626437
spongebob,18,371519,32000,0.8282258,0.6024234,0.09841874,0.8782065196323935,0.12284186371199225
spongebob,19,371519,32000,0.815419,0.7836556,0.06042003,0.8250677184470534,-0.0016467438007043687
spongebob,2,371519,32000,0.8505446,0.6674544,0.07019483,0.8795779471013511,-0.06334008512480786
spongebob,20,371519,32000,0.8204586,0.66070205,0.085371196,0.8571267924228124,-0.09904049370165051
spongebob,21,371519,32000,0.82903534,0.80306584,0.05426598,0.824553288152022,0.20150962028918457
spongebob,22,371519,32000,0.846709,0.615449,0.08390096,0.8626646186336274,0.08157770153903154
spongebob,23,371519,32000,0.81086695,0.71916664,0.0821466,0.8444888846918207,0.07074229565687822
spongebob,24,371519,32000,0.8850532,0.97541356,0.021054871,0.7513675677056258,-0.1857054598169957
spongebob,25,371519,32000,0.8136681,0.7008373,0.063215874,0.8575043928742078,0.06395236825871953
spongebob,26,371519,32000,0.8564084,0.8311262,0.039303035,0.8214690167805709,-0.12087286948457582
spongebob,27,371519,32000,0.8521047,0.73308825,0.0679093,0.8514789802653048,0.051683225884908125
spongebob,28,371519,32000,0.81537014,0.6073797,0.106649145,0.8753364689864345,-0.04605850370093921
spongebob,29,371519,32000,0.82678956,0.6449303,0.083636425,0.864346317001066,0.40382618693774597
spongebob,3,371519,32000,0.79302406,0.6785728,0.09940907,0.8419374849227573,0.07627605700538315
spongebob,30,371519,32000,0.81438226,0.6900222,0.08912875,0.8474900428642478,0.23515316415413579
spongebob,31,371519,32000,0.8222635,0.6820155,0.084329434,0.8496178910682279,0.0535168301067798
spongebob,32,371519,32000,0.816503,0.66186744,0.10103153,0.8476714116242989,0.11222668467529615
spongebob,33,371519,32000,0.8276198,0.6252464,0.09833606,0.8797747254192237,0.3866278355087896
spongebob,34,371519,32000,0.8276198,0.6252464,0.09833606,0.8797747254192237,0.3866278355087896
spongebob,35,371519,32000,0.83103716,0.767311,0.05685956,0.8523468860034623,-0.07743744473939626
spongebob,36,371519,32000,0.8173652,0.6805078,0.08563654,0.846134229277078,-0.0513198287603859
spongebob,37,371519,32000,0.8326516,0.795608,0.051318545,0.8278547269829246,-0.03901825515024495
spongebob,38,371519,32000,0.8074662,0.8261425,0.051075745,0.8077739532579153,-0.15052944231941554
spongebob,39,371519,32000,0.7985196,0.7817935,0.060966596,0.8182577536899347,-0.012618117313406093
spongebob,4,371519,32000,0.83531886,0.7887977,0.06407339,0.8270047497513253,0.10258867940778109
spongebob,40,371519,32000,0.81906,0.64447224,0.11872252,0.8728976447623129,0.10904946589663242
spongebob,5,371519,32000,0.79542255,0.6411246,0.10910548,0.8716608780797082,0.17945390054768093
spongebob,6,371519,32000,0.8245431,0.6805617,0.06414872,0.8605978982003314,0.002622382030477851
spongebob,7,371519,32000,0.83203495,0.6568385,0.08351704,0.8513636819676905,0.09894136178500186
spongebob,8,371519,32000,0.8458072,0.84190935,0.04830289,0.7848851229961886,-0.08958782989340787
spongebob,9,371519,32000,0.89736986,0.94006056,0.036721956,0.747734112232832,0.06653729122560327
squidward_tentacles,1,143777,32000,0.48141882,0.9738005,0.44343257,0.7562324399629188,-0.05058085972508338
squidward_tentacles,10,231828,32000,0.73918307,0.9920456,0.10379925,0.7394296806006594,-0.1102369894371503
squidward_tentacles,11,203221,32000,0.5326018,0.8642193,0.53295046,0.755950138468477,-0.18114496783020095
squidward_tentacles,12,197648,32000,0.4824405,0.9485351,0.43390137,0.7343232099450688,-0.16092762616452377
squidward_tentacles,13,228855,32000,0.6775945,0.861001,0.2582478,0.7934861729784485,-0.08878523515473645
squidward_tentacles,14,219567,32000,0.6639806,0.95051306,0.10405769,0.7881091226461754,0.17403136997263532
squidward_tentacles,15,175728,32000,0.78602624,0.9241468,0.22900832,0.7874072393092272,-0.08042112979617914
squidward_tentacles,16,168298,32000,0.65393436,0.92651784,0.14056617,0.7541458051969573,-0.10473869919365414
squidward_tentacles,17,182415,32000,0.46637163,0.89470834,0.47016466,0.7449433675907465,-0.015481092106444182
squidward_tentacles,18,253376,32000,0.50165045,0.93844193,0.4045187,0.7464718846188484,0.11183528140239064
squidward_tentacles,19,182787,32000,0.44550192,0.94293195,0.37552837,0.7250846123479194,-0.03385005309484669
squidward_tentacles,2,141548,32000,0.61827415,0.944477,0.23730099,0.7540743278254834,0.022090959208182995
squidward_tentacles,20,203592,32000,0.6392826,0.86401236,0.18201621,0.7919712307087795,-0.004362964490562275
squidward_tentacles,21,164954,32000,0.47581553,0.918618,0.30614445,0.7428597835374465,0.07372486000412085
squidward_tentacles,22,258205,32000,0.4689141,0.9108786,0.4397272,0.7489134033459784,0.018906135422671104
squidward_tentacles,23,191332,32000,0.4609312,0.9044997,0.3764087,0.7343330375116507,-0.18927512120971826
squidward_tentacles,24,124458,32000,0.524405,0.9226613,0.3347625,0.7556537352611806,-0.0661228231188562
squidward_tentacles,25,91393,32000,0.4396914,0.9657458,0.26788712,0.737482585683623,-0.09579603815675647
squidward_tentacles,26,135233,32000,0.53077334,0.78732455,0.5982094,0.8094474393698409,-0.1588753316223262
squidward_tentacles,27,164583,32000,0.48526657,0.9145404,0.5080327,0.7406228590456352,-0.10847213469817375
squidward_tentacles,28,371519,32000,0.48532107,0.86055964,0.45240512,0.752860707975289,0.02897277103708446
squidward_tentacles,29,196905,32000,0.7537108,0.8260307,0.20860007,0.8215423607096141,0.041837434756022654
squidward_tentacles,3,165697,32000,0.45036024,0.89117825,0.38543847,0.7339661623112873,-0.09240895400923937
squidward_tentacles,30,196905,32000,0.7537108,0.8260307,0.20860007,0.8215423607096141,0.041837434756022654
squidward_tentacles,31,78019,32000,0.73689395,0.86359906,0.28382584,0.8227707288431862,-0.007601247236540675
squidward_tentacles,32,258577,32000,0.48756555,0.9081859,0.49783882,0.7489685424985515,0.050380066251407826
squidward_tentacles,33,162725,32000,0.48712248,0.9051853,0.56795925,0.7358402744717903,0.026150201454087616
squidward_tentacles,34,344026,32000,0.4337635,0.89653385,0.48497579,0.7316629447482093,-0.12010579682902695
squidward_tentacles,35,210279,32000,0.45427054,0.8726007,0.4997194,0.7540293759060148,-0.11681824665552588
squidward_tentacles,36,143777,32000,0.66393816,0.83374953,0.21479599,0.8031676729210872,-0.058594097223829245
squidward_tentacles,37,143777,32000,0.6639368,0.8337483,0.21479602,0.803161007638038,-0.058594248511340895
squidward_tentacles,38,203592,32000,0.5239726,0.93960726,0.45573238,0.7459658420238469,-0.06741900482012518
squidward_tentacles,39,102539,32000,0.6861364,0.8379562,0.27033788,0.7901361491957355,0.12386898494181364
squidward_tentacles,4,111455,32000,0.49864137,0.8923386,0.34513393,0.7498976019883153,-0.015109588177022473
squidward_tentacles,40,153808,32000,0.6940614,0.9001246,0.23926115,0.7834337503105171,0.06075651812302385
squidward_tentacles,5,264893,32000,0.46386138,0.9347648,0.48022348,0.7160087218530464,-0.06815170318659078
squidward_tentacles,6,264893,32000,0.46386138,0.9347648,0.48022348,0.7160087218530464,-0.06815170318659078
squidward_tentacles,7,190217,32000,0.6380076,0.8805175,0.15444213,0.7647273648325508,-0.0817916332772629
squidward_tentacles,8,178700,32000,0.74839157,0.88474566,0.28375554,0.7892976697921813,0.0029348697052381527
squidward_tentacles,9,230341,32000,0.7694001,0.8607441,0.16640581,0.7826452886818815,0.03798899124286892
